"ChEMBL ID"	"Name"	"Accessions"	"Type"	"Organism"	"Compounds"	"Activities"	"Tax ID"	"Species Group Flag"
"CHEMBL4101"	"cAMP-dependent protein kinase catalytic subunit alpha"	"P17612"	"SINGLE PROTEIN"	"Homo sapiens"	"2614"	"3628"	"9606"	"False"
"CHEMBL3988"	"Ephrin type-A receptor 4"	"P54764"	"SINGLE PROTEIN"	"Homo sapiens"	"1295"	"2183"	"9606"	"False"
"CHEMBL6005"	"Serine/threonine-protein kinase 33"	"Q9BYT3"	"SINGLE PROTEIN"	"Homo sapiens"	"596"	"870"	"9606"	"False"
"CHEMBL4070"	"Casein kinase II subunit alpha'"	"P19784"	"SINGLE PROTEIN"	"Homo sapiens"	"1228"	"2287"	"9606"	"False"
"CHEMBL6029"	"Eukaryotic translation initiation factor 2-alpha kinase 1"	"Q9BQI3"	"SINGLE PROTEIN"	"Homo sapiens"	"556"	"740"	"9606"	"False"
"CHEMBL3530"	"Dual specificity mitogen-activated protein kinase kinase 7"	"O14733"	"SINGLE PROTEIN"	"Homo sapiens"	"938"	"1227"	"9606"	"False"
"CHEMBL1293321"	"Cyclin-T2"	"O60583"	"SINGLE PROTEIN"	"Homo sapiens"	"5"	"8"	"9606"	"False"
"CHEMBL1075184"	"Proto-oncogene serine/threonine-protein kinase mos"	"P00540"	"SINGLE PROTEIN"	"Homo sapiens"	"4"	"4"	"9606"	"False"
"CHEMBL4246"	"Tyrosine-protein kinase Tec"	"P42680"	"SINGLE PROTEIN"	"Homo sapiens"	"1367"	"2557"	"9606"	"False"
"CHEMBL4852"	"Mitogen-activated protein kinase kinase kinase kinase 5"	"Q9Y4K4"	"SINGLE PROTEIN"	"Homo sapiens"	"1385"	"1640"	"9606"	"False"
"CHEMBL5044"	"Serine/threonine-protein kinase Nek5"	"Q6P3R8"	"SINGLE PROTEIN"	"Homo sapiens"	"332"	"397"	"9606"	"False"
"CHEMBL3829"	"Calcium/calmodulin-dependent protein kinase type II subunit gamma"	"Q13555"	"SINGLE PROTEIN"	"Homo sapiens"	"1385"	"1909"	"9606"	"False"
"CHEMBL3384"	"Serine/threonine-protein kinase N1"	"Q16512"	"SINGLE PROTEIN"	"Homo sapiens"	"715"	"970"	"9606"	"False"
"CHEMBL5435"	"Serine/threonine-protein kinase ULK2"	"Q8IYT8"	"SINGLE PROTEIN"	"Homo sapiens"	"515"	"743"	"9606"	"False"
"CHEMBL5776"	"Mitogen-activated protein kinase kinase kinase 7"	"O43318"	"SINGLE PROTEIN"	"Homo sapiens"	"919"	"1434"	"9606"	"False"
"CHEMBL4576"	"Homeodomain-interacting protein kinase 2"	"Q9H2X6"	"SINGLE PROTEIN"	"Homo sapiens"	"1423"	"1776"	"9606"	"False"
"CHEMBL4487"	"Serine/threonine-protein kinase PAK 2"	"Q13177"	"SINGLE PROTEIN"	"Homo sapiens"	"1308"	"2067"	"9606"	"False"
"CHEMBL6003"	"Testis-specific serine/threonine-protein kinase 1"	"Q9BXA7"	"SINGLE PROTEIN"	"Homo sapiens"	"1473"	"2143"	"9606"	"False"
"CHEMBL5358"	"eIF-2-alpha kinase GCN2"	"Q9P2K8"	"SINGLE PROTEIN"	"Homo sapiens"	"936"	"2203"	"9606"	"False"
"CHEMBL4948"	"Dual specificity mitogen-activated protein kinase kinase 5"	"Q13163"	"SINGLE PROTEIN"	"Homo sapiens"	"583"	"792"	"9606"	"False"
"CHEMBL5667"	"Phosphatidylinositol 5-phosphate 4-kinase type-2 beta"	"P78356"	"SINGLE PROTEIN"	"Homo sapiens"	"389"	"488"	"9606"	"False"
"CHEMBL5261"	"Serine/threonine-protein kinase TAO1"	"Q7L7X3"	"SINGLE PROTEIN"	"Homo sapiens"	"1658"	"2137"	"9606"	"False"
"CHEMBL5604"	"Dual specificity testis-specific protein kinase 1"	"Q15569"	"SINGLE PROTEIN"	"Homo sapiens"	"489"	"602"	"9606"	"False"
"CHEMBL5388"	"Serine/threonine-protein kinase tousled-like 1"	"Q9UKI8"	"SINGLE PROTEIN"	"Homo sapiens"	"414"	"540"	"9606"	"False"
"CHEMBL3835"	"Serine/threonine-protein kinase Nek2"	"P51955"	"SINGLE PROTEIN"	"Homo sapiens"	"2622"	"3769"	"9606"	"False"
"CHEMBL2896"	"cGMP-dependent protein kinase 2"	"Q13237"	"SINGLE PROTEIN"	"Homo sapiens"	"1225"	"1702"	"9606"	"False"
"CHEMBL6149"	"Serine/threonine-protein kinase SIK3"	"Q9Y2K2"	"SINGLE PROTEIN"	"Homo sapiens"	"632"	"778"	"9606"	"False"
"CHEMBL5642"	"Activin receptor type-1C"	"Q8NER5"	"SINGLE PROTEIN"	"Homo sapiens"	"17"	"35"	"9606"	"False"
"CHEMBL4523"	"Serine/threonine-protein kinase pim-2"	"Q9P1W9"	"SINGLE PROTEIN"	"Homo sapiens"	"5477"	"10561"	"9606"	"False"
"CHEMBL5550"	"Atypical kinase COQ8A, mitochondrial"	"Q8NI60"	"SINGLE PROTEIN"	"Homo sapiens"	"476"	"597"	"9606"	"False"
"CHEMBL4522"	"BMP-2-inducible protein kinase"	"Q9NSY1"	"SINGLE PROTEIN"	"Homo sapiens"	"596"	"799"	"9606"	"False"
"CHEMBL3987"	"Ephrin type-A receptor 5"	"P54756"	"SINGLE PROTEIN"	"Homo sapiens"	"827"	"1216"	"9606"	"False"
"CHEMBL5332"	"Mitogen-activated protein kinase 7"	"Q13164"	"SINGLE PROTEIN"	"Homo sapiens"	"741"	"1113"	"9606"	"False"
"CHEMBL4900"	"Serine/threonine-protein kinase D2"	"Q9BZL6"	"SINGLE PROTEIN"	"Homo sapiens"	"2158"	"3031"	"9606"	"False"
"CHEMBL4602"	"Ephrin type-A receptor 7"	"Q15375"	"SINGLE PROTEIN"	"Homo sapiens"	"780"	"1152"	"9606"	"False"
"CHEMBL2221"	"cAMP-dependent protein kinase type II-alpha regulatory subunit"	"P13861"	"SINGLE PROTEIN"	"Homo sapiens"	"248"	"250"	"9606"	"False"
"CHEMBL3231"	"Rho-associated protein kinase 1"	"Q13464"	"SINGLE PROTEIN"	"Homo sapiens"	"5373"	"10690"	"9606"	"False"
"CHEMBL5703"	"Tyrosine-protein kinase Srms"	"Q9H3Y6"	"SINGLE PROTEIN"	"Homo sapiens"	"1189"	"1665"	"9606"	"False"
"CHEMBL5404"	"Serine/threonine-protein kinase tousled-like 2"	"Q86UE8"	"SINGLE PROTEIN"	"Homo sapiens"	"628"	"925"	"9606"	"False"
"CHEMBL5432"	"Mitogen-activated protein kinase kinase kinase kinase 3"	"Q8IVH8"	"SINGLE PROTEIN"	"Homo sapiens"	"598"	"762"	"9606"	"False"
"CHEMBL1075115"	"Dual specificity tyrosine-phosphorylation-regulated kinase 4"	"Q9NR20"	"SINGLE PROTEIN"	"Homo sapiens"	"927"	"970"	"9606"	"False"
"CHEMBL4454"	"Tyrosine-protein kinase Fgr"	"P09769"	"SINGLE PROTEIN"	"Homo sapiens"	"1154"	"1978"	"9606"	"False"
"CHEMBL5407"	"Serine/threonine-protein kinase pim-3"	"Q86V86"	"SINGLE PROTEIN"	"Homo sapiens"	"3956"	"8731"	"9606"	"False"
"CHEMBL2117"	"5'-AMP-activated protein kinase subunit beta-2"	"O43741"	"SINGLE PROTEIN"	"Homo sapiens"	"6"	"8"	"9606"	"False"
"CHEMBL6150"	"Serine/threonine-protein kinase 32A"	"Q8WU08"	"SINGLE PROTEIN"	"Homo sapiens"	"260"	"272"	"9606"	"False"
"CHEMBL1163112"	"Cyclin-dependent kinase-like 5"	"O76039"	"SINGLE PROTEIN"	"Homo sapiens"	"376"	"430"	"9606"	"False"
"CHEMBL3830"	"AP2-associated protein kinase 1"	"Q2M2I8"	"SINGLE PROTEIN"	"Homo sapiens"	"1480"	"6782"	"9606"	"False"
"CHEMBL4273"	"cGMP-dependent protein kinase 1"	"Q13976"	"SINGLE PROTEIN"	"Homo sapiens"	"1737"	"2968"	"9606"	"False"
"CHEMBL3108655"	"Serine/threonine-protein kinase Nek10"	"Q6ZWH5"	"SINGLE PROTEIN"	"Homo sapiens"	"186"	"191"	"9606"	"False"
"CHEMBL5247"	"Integrin-linked protein kinase"	"Q13418"	"SINGLE PROTEIN"	"Homo sapiens"	"453"	"682"	"9606"	"False"
"CHEMBL2743"	"cAMP-dependent protein kinase catalytic subunit gamma"	"P22612"	"SINGLE PROTEIN"	"Homo sapiens"	"235"	"241"	"9606"	"False"
"CHEMBL6054"	"PAS domain-containing serine/threonine-protein kinase"	"Q96RG2"	"SINGLE PROTEIN"	"Homo sapiens"	"1667"	"5538"	"9606"	"False"
"CHEMBL6151"	"Serine/threonine-protein kinase 31"	"Q9BXU1"	"SINGLE PROTEIN"	"Homo sapiens"	"1"	"1"	"9606"	"False"
"CHEMBL4311"	"Serine/threonine-protein kinase PAK 6"	"Q9NQU5"	"SINGLE PROTEIN"	"Homo sapiens"	"1203"	"2052"	"9606"	"False"
"CHEMBL4483"	"Protein DBF4 homolog A"	"Q9UBU7"	"SINGLE PROTEIN"	"Homo sapiens"	"1"	"1"	"9606"	"False"
"CHEMBL2270"	"cAMP-dependent protein kinase type II-beta regulatory subunit"	"P31323"	"SINGLE PROTEIN"	"Homo sapiens"	"13"	"13"	"9606"	"False"
"CHEMBL5808"	"Cyclin-dependent kinase 11B"	"P21127"	"SINGLE PROTEIN"	"Homo sapiens"	"296"	"411"	"9606"	"False"
"CHEMBL2375201"	"Tyrosine-protein kinase transmembrane receptor ROR2"	"Q01974"	"SINGLE PROTEIN"	"Homo sapiens"	"5"	"5"	"9606"	"False"
"CHEMBL5975"	"Serine/threonine-protein kinase RIO1"	"Q9BRS2"	"SINGLE PROTEIN"	"Homo sapiens"	"287"	"350"	"9606"	"False"
"CHEMBL4079"	"Beta-adrenergic receptor kinase 1"	"P25098"	"SINGLE PROTEIN"	"Homo sapiens"	"976"	"1249"	"9606"	"False"
"CHEMBL4674"	"Mitogen-activated protein kinase 12"	"P53778"	"SINGLE PROTEIN"	"Homo sapiens"	"2143"	"3488"	"9606"	"False"
"CHEMBL5912"	"Serine/threonine-protein kinase 32B"	"Q9NY57"	"SINGLE PROTEIN"	"Homo sapiens"	"327"	"387"	"9606"	"False"
"CHEMBL6191"	"Mitogen-activated protein kinase kinase kinase 19"	"Q56UN5"	"SINGLE PROTEIN"	"Homo sapiens"	"314"	"381"	"9606"	"False"
"CHEMBL3111"	"Ribosomal protein S6 kinase beta-2"	"Q9UBS0"	"SINGLE PROTEIN"	"Homo sapiens"	"115"	"151"	"9606"	"False"
"CHEMBL1926492"	"Tau-tubulin kinase 1"	"Q5TCY1"	"SINGLE PROTEIN"	"Homo sapiens"	"157"	"207"	"9606"	"False"
"CHEMBL5552"	"Serine/threonine-protein kinase 25"	"O00506"	"SINGLE PROTEIN"	"Homo sapiens"	"559"	"692"	"9606"	"False"
"CHEMBL5408"	"Serine/threonine-protein kinase TBK1"	"Q9UHD2"	"SINGLE PROTEIN"	"Homo sapiens"	"4278"	"13108"	"9606"	"False"
"CHEMBL5790"	"Cyclin-dependent kinase 17"	"Q00537"	"SINGLE PROTEIN"	"Homo sapiens"	"450"	"608"	"9606"	"False"
"CHEMBL2897"	"Dual specificity mitogen-activated protein kinase kinase 4"	"P45985"	"SINGLE PROTEIN"	"Homo sapiens"	"726"	"1344"	"9606"	"False"
"CHEMBL4527"	"TRAF2 and NCK-interacting protein kinase"	"Q9UKE5"	"SINGLE PROTEIN"	"Homo sapiens"	"1223"	"2104"	"9606"	"False"
"CHEMBL3627581"	"Serine/threonine-protein kinase N3"	"Q6P5Z2"	"SINGLE PROTEIN"	"Homo sapiens"	"170"	"183"	"9606"	"False"
"CHEMBL5651"	"Serine/threonine-protein kinase 35"	"Q8TDR2"	"SINGLE PROTEIN"	"Homo sapiens"	"267"	"291"	"9606"	"False"
"CHEMBL5728"	"Cyclin-dependent kinase-like 2"	"Q92772"	"SINGLE PROTEIN"	"Homo sapiens"	"291"	"327"	"9606"	"False"
"CHEMBL5257"	"Serine/threonine-protein kinase Nek9"	"Q8TD19"	"SINGLE PROTEIN"	"Homo sapiens"	"1007"	"1642"	"9606"	"False"
"CHEMBL2453"	"5'-AMP-activated protein kinase subunit gamma-2"	"Q9UGJ0"	"SINGLE PROTEIN"	"Homo sapiens"	"245"	"247"	"9606"	"False"
"CHEMBL6014"	"Testis-specific serine/threonine-protein kinase 2"	"Q96PF2"	"SINGLE PROTEIN"	"Homo sapiens"	"1191"	"1769"	"9606"	"False"
"CHEMBL6000"	"Serine/threonine-protein kinase RIO2"	"Q9BVS4"	"SINGLE PROTEIN"	"Homo sapiens"	"515"	"685"	"9606"	"False"
"CHEMBL6083"	"Receptor-interacting serine/threonine-protein kinase 4"	"P57078"	"SINGLE PROTEIN"	"Homo sapiens"	"301"	"332"	"9606"	"False"
"CHEMBL5426"	"Myosin light chain kinase family member 4"	"Q86YV6"	"SINGLE PROTEIN"	"Homo sapiens"	"333"	"438"	"9606"	"False"
"CHEMBL5116"	"Uncharacterized serine/threonine-protein kinase SBK3"	"P0C264"	"SINGLE PROTEIN"	"Homo sapiens"	"250"	"267"	"9606"	"False"
"CHEMBL4202"	"STE20-like serine/threonine-protein kinase"	"Q9H2G2"	"SINGLE PROTEIN"	"Homo sapiens"	"1464"	"1796"	"9606"	"False"
"CHEMBL5047"	"Serine/threonine-protein kinase ULK3"	"Q6PHR2"	"SINGLE PROTEIN"	"Homo sapiens"	"706"	"1029"	"9606"	"False"
"CHEMBL3627582"	"Testis-specific serine/threonine-protein kinase 6"	"Q9BXA6"	"SINGLE PROTEIN"	"Homo sapiens"	"18"	"21"	"9606"	"False"
"CHEMBL4525"	"Serine/threonine-protein kinase 17A"	"Q9UEE5"	"SINGLE PROTEIN"	"Homo sapiens"	"1522"	"2099"	"9606"	"False"
"CHEMBL4928"	"cAMP-dependent protein kinase type I-alpha regulatory subunit"	"P10644"	"SINGLE PROTEIN"	"Homo sapiens"	"18"	"18"	"9606"	"False"
"CHEMBL2320"	"cAMP-dependent protein kinase type I-beta regulatory subunit"	"P31321"	"SINGLE PROTEIN"	"Homo sapiens"	"13"	"13"	"9606"	"False"
"CHEMBL5052"	"Serine/threonine-protein kinase MRCK beta"	"Q9Y5S2"	"SINGLE PROTEIN"	"Homo sapiens"	"1289"	"2466"	"9606"	"False"
"CHEMBL5789"	"Cyclin-dependent kinase-like 1"	"Q00532"	"SINGLE PROTEIN"	"Homo sapiens"	"432"	"467"	"9606"	"False"
"CHEMBL1795199"	"Receptor-interacting serine/threonine-protein kinase 3"	"Q9Y572"	"SINGLE PROTEIN"	"Homo sapiens"	"703"	"1189"	"9606"	"False"
"CHEMBL3414416"	"Testis-specific serine/threonine-protein kinase 3"	"Q96PN8"	"SINGLE PROTEIN"	"Homo sapiens"	"182"	"201"	"9606"	"False"
"CHEMBL5810"	"Ephrin type-A receptor 1"	"P21709"	"SINGLE PROTEIN"	"Homo sapiens"	"810"	"1167"	"9606"	"False"
"CHEMBL2598"	"Protein kinase C iota type"	"P41743"	"SINGLE PROTEIN"	"Homo sapiens"	"2194"	"2916"	"9606"	"False"
"CHEMBL5785"	"Interferon-induced, double-stranded RNA-activated protein kinase"	"P19525"	"SINGLE PROTEIN"	"Homo sapiens"	"555"	"781"	"9606"	"False"
"CHEMBL5284"	"Calcium/calmodulin-dependent protein kinase kinase 2"	"Q96RR4"	"SINGLE PROTEIN"	"Homo sapiens"	"990"	"1484"	"9606"	"False"
"CHEMBL2417355"	"Microtubule-associated serine/threonine-protein kinase 2"	"Q6P0Q8"	"SINGLE PROTEIN"	"Homo sapiens"	"10"	"24"	"9606"	"False"
"CHEMBL5260"	"Serine/threonine-protein kinase TNNI3K"	"Q59H18"	"SINGLE PROTEIN"	"Homo sapiens"	"514"	"655"	"9606"	"False"
"CHEMBL3847"	"5'-AMP-activated protein kinase subunit beta-1"	"Q9Y478"	"SINGLE PROTEIN"	"Homo sapiens"	"57"	"60"	"9606"	"False"
"CHEMBL3836"	"LIM domain kinase 1"	"P53667"	"SINGLE PROTEIN"	"Homo sapiens"	"1832"	"2491"	"9606"	"False"
"CHEMBL5121"	"Mitogen-activated protein kinase 6"	"Q16659"	"SINGLE PROTEIN"	"Homo sapiens"	"626"	"1216"	"9606"	"False"
"CHEMBL2938"	"Protein kinase C gamma type"	"P05129"	"SINGLE PROTEIN"	"Homo sapiens"	"1809"	"2544"	"9606"	"False"
"CHEMBL4516"	"Serine/threonine-protein kinase MRCK alpha"	"Q5VT25"	"SINGLE PROTEIN"	"Homo sapiens"	"1942"	"2867"	"9606"	"False"
"CHEMBL2147"	"Serine/threonine-protein kinase pim-1"	"P11309"	"SINGLE PROTEIN"	"Homo sapiens"	"8601"	"22229"	"9606"	"False"
"CHEMBL3906"	"Ribosomal protein S6 kinase alpha-2"	"Q15349"	"SINGLE PROTEIN"	"Homo sapiens"	"1354"	"2527"	"9606"	"False"
"CHEMBL1075195"	"Serine/threonine-protein kinase TAO2"	"Q9UL54"	"SINGLE PROTEIN"	"Homo sapiens"	"760"	"1079"	"9606"	"False"
"CHEMBL5753"	"Atypical kinase COQ8B, mitochondrial"	"Q96D53"	"SINGLE PROTEIN"	"Homo sapiens"	"275"	"352"	"9606"	"False"
"CHEMBL3337327"	"Tau-tubulin kinase 2"	"Q6IQ55"	"SINGLE PROTEIN"	"Homo sapiens"	"123"	"131"	"9606"	"False"
"CHEMBL4967"	"NF-kappa-B essential modulator"	"Q9Y6K9"	"SINGLE PROTEIN"	"Homo sapiens"	"4"	"4"	"9606"	"False"
"CHEMBL1824"	"Receptor tyrosine-protein kinase erbB-2"	"P04626"	"SINGLE PROTEIN"	"Homo sapiens"	"6268"	"10985"	"9606"	"False"
"CHEMBL5659"	"Serine/threonine-protein kinase RIO3"	"O14730"	"SINGLE PROTEIN"	"Homo sapiens"	"276"	"361"	"9606"	"False"
"CHEMBL1795193"	"Ribosomal protein S6 kinase delta-1"	"Q96S38"	"SINGLE PROTEIN"	"Homo sapiens"	"24"	"42"	"9606"	"False"
"CHEMBL2185"	"Aurora kinase B"	"Q96GD4"	"SINGLE PROTEIN"	"Homo sapiens"	"5575"	"9505"	"9606"	"False"
"CHEMBL3542"	"Serine/threonine-protein kinase NIM1"	"Q8IY84"	"SINGLE PROTEIN"	"Homo sapiens"	"302"	"328"	"9606"	"False"
"CHEMBL2069163"	"Dual specificity testis-specific protein kinase 2"	"Q96S53"	"SINGLE PROTEIN"	"Homo sapiens"	"175"	"177"	"9606"	"False"
"CHEMBL4147"	"Calcium/calmodulin-dependent protein kinase type II subunit alpha"	"Q9UQM7"	"SINGLE PROTEIN"	"Homo sapiens"	"1427"	"2052"	"9606"	"False"
"CHEMBL5520"	"Casein kinase I isoform alpha-like"	"Q8N752"	"SINGLE PROTEIN"	"Homo sapiens"	"287"	"335"	"9606"	"False"
"CHEMBL5683"	"Serine/threonine-protein kinase DCLK1"	"O15075"	"SINGLE PROTEIN"	"Homo sapiens"	"987"	"1099"	"9606"	"False"
"CHEMBL5698"	"NUAK family SNF1-like kinase 2"	"Q9H093"	"SINGLE PROTEIN"	"Homo sapiens"	"564"	"728"	"9606"	"False"
"CHEMBL4577"	"Homeodomain-interacting protein kinase 3"	"Q9H422"	"SINGLE PROTEIN"	"Homo sapiens"	"618"	"889"	"9606"	"False"
"CHEMBL4204"	"MAP kinase-interacting serine/threonine-protein kinase 2"	"Q9HBH9"	"SINGLE PROTEIN"	"Homo sapiens"	"3607"	"7361"	"9606"	"False"
"CHEMBL4524"	"Serine/threonine-protein kinase PAK 5"	"Q9P286"	"SINGLE PROTEIN"	"Homo sapiens"	"1076"	"1840"	"9606"	"False"
"CHEMBL5519"	"Serine/threonine-protein kinase DCLK2"	"Q8N568"	"SINGLE PROTEIN"	"Homo sapiens"	"910"	"1542"	"9606"	"False"
"CHEMBL5907"	"Serine/threonine-protein kinase LATS2"	"Q9NRM7"	"SINGLE PROTEIN"	"Homo sapiens"	"556"	"704"	"9606"	"False"
"CHEMBL1163127"	"Mitogen-activated protein kinase kinase kinase 15"	"Q6ZN16"	"SINGLE PROTEIN"	"Homo sapiens"	"257"	"291"	"9606"	"False"
"CHEMBL5856"	"Cyclin-dependent kinase 15"	"Q96Q40"	"SINGLE PROTEIN"	"Homo sapiens"	"251"	"267"	"9606"	"False"
"CHEMBL1938215"	"Kinase suppressor of Ras 1"	"Q8IVT5"	"SINGLE PROTEIN"	"Homo sapiens"	"30"	"56"	"9606"	"False"
"CHEMBL1795195"	"Serine/threonine-protein kinase SMG1"	"Q96Q15"	"SINGLE PROTEIN"	"Homo sapiens"	"59"	"100"	"9606"	"False"
"CHEMBL6123"	"Serine/threonine-protein kinase DCLK3"	"Q9C098"	"SINGLE PROTEIN"	"Homo sapiens"	"286"	"349"	"9606"	"False"
"CHEMBL4670"	"MAP kinase-activated protein kinase 3"	"Q16644"	"SINGLE PROTEIN"	"Homo sapiens"	"1627"	"2329"	"9606"	"False"
"CHEMBL2493"	"Calcium/calmodulin-dependent protein kinase type 1"	"Q14012"	"SINGLE PROTEIN"	"Homo sapiens"	"1406"	"1813"	"9606"	"False"
"CHEMBL4575"	"Dual specificity tyrosine-phosphorylation-regulated kinase 3"	"O43781"	"SINGLE PROTEIN"	"Homo sapiens"	"1241"	"1352"	"9606"	"False"
"CHEMBL2918"	"cAMP-dependent protein kinase catalytic subunit beta"	"P22694"	"SINGLE PROTEIN"	"Homo sapiens"	"519"	"658"	"9606"	"False"
"CHEMBL5679"	"Serine/threonine-protein kinase Nek3"	"P51956"	"SINGLE PROTEIN"	"Homo sapiens"	"696"	"994"	"9606"	"False"
"CHEMBL2494"	"Calcium/calmodulin-dependent protein kinase type IV"	"Q16566"	"SINGLE PROTEIN"	"Homo sapiens"	"1426"	"2231"	"9606"	"False"
"CHEMBL1163104"	"Serine/threonine-protein kinase OSR1"	"O95747"	"SINGLE PROTEIN"	"Homo sapiens"	"461"	"512"	"9606"	"False"
"CHEMBL5699"	"Serine/threonine-protein kinase SIK2"	"Q9H0K1"	"SINGLE PROTEIN"	"Homo sapiens"	"1134"	"1754"	"9606"	"False"
"CHEMBL5014"	"Receptor-interacting serine/threonine-protein kinase 2"	"O43353"	"SINGLE PROTEIN"	"Homo sapiens"	"1600"	"3441"	"9606"	"False"
"CHEMBL1075163"	"Serine/threonine-protein kinase haspin"	"Q8TF76"	"SINGLE PROTEIN"	"Homo sapiens"	"829"	"1405"	"9606"	"False"
"CHEMBL1163129"	"Serine/threonine-protein kinase SBK1"	"Q52WX2"	"SINGLE PROTEIN"	"Homo sapiens"	"274"	"293"	"9606"	"False"
"CHEMBL1795165"	"Hormonally up-regulated neu tumor-associated kinase"	"P57058"	"SINGLE PROTEIN"	"Homo sapiens"	"249"	"264"	"9606"	"False"
"CHEMBL5941"	"Serine/threonine-protein kinase 26"	"Q9P289"	"SINGLE PROTEIN"	"Homo sapiens"	"1380"	"2373"	"9606"	"False"
"CHEMBL3559690"	"Cyclin-dependent kinase 20"	"Q8IZL9"	"SINGLE PROTEIN"	"Homo sapiens"	"8"	"17"	"9606"	"False"
"CHEMBL3308982"	"CDC42BPA protein"	"B9EGA7"	"SINGLE PROTEIN"	"Homo sapiens"	"3"	"9"	"9606"	"False"
"CHEMBL5638"	"Serine/threonine-protein kinase Nek11"	"Q8NG66"	"SINGLE PROTEIN"	"Homo sapiens"	"510"	"714"	"9606"	"False"
"CHEMBL4237"	"Ribosomal protein S6 kinase alpha-5"	"O75582"	"SINGLE PROTEIN"	"Homo sapiens"	"2179"	"3575"	"9606"	"False"
"CHEMBL4718"	"MAP kinase-interacting serine/threonine-protein kinase 1"	"Q9BUB5"	"SINGLE PROTEIN"	"Homo sapiens"	"2659"	"6193"	"9606"	"False"
"CHEMBL5364"	"Serine/threonine-protein kinase NLK"	"Q9UBE8"	"SINGLE PROTEIN"	"Homo sapiens"	"746"	"1088"	"9606"	"False"
"CHEMBL3861"	"[Pyruvate dehydrogenase (acetyl-transferring)] kinase isozyme 2, mitochondrial"	"Q15119"	"SINGLE PROTEIN"	"Homo sapiens"	"1123"	"2510"	"9606"	"False"
"CHEMBL4105895"	"Cyclin-O"	"P22674"	"SINGLE PROTEIN"	"Homo sapiens"	"1"	"1"	"9606"	"False"
"CHEMBL3886"	"Mitogen-activated protein kinase kinase kinase 20"	"Q9NYL2"	"SINGLE PROTEIN"	"Homo sapiens"	"1380"	"1635"	"9606"	"False"
"CHEMBL5684"	"Muscle, skeletal receptor tyrosine-protein kinase"	"O15146"	"SINGLE PROTEIN"	"Homo sapiens"	"963"	"1615"	"9606"	"False"
"CHEMBL5654"	"Myosin-IIIb"	"Q8WXR4"	"SINGLE PROTEIN"	"Homo sapiens"	"306"	"374"	"9606"	"False"
"CHEMBL3559702"	"Phosphatidylinositol 3-kinase regulatory subunit gamma"	"Q92569"	"SINGLE PROTEIN"	"Homo sapiens"	"6"	"6"	"9606"	"False"
"CHEMBL5146"	"Breakpoint cluster region protein"	"P11274"	"SINGLE PROTEIN"	"Homo sapiens"	"270"	"292"	"9606"	"False"
"CHEMBL3981"	"Serine/threonine-protein kinase 10"	"O94804"	"SINGLE PROTEIN"	"Homo sapiens"	"1389"	"2295"	"9606"	"False"
"CHEMBL5334"	"Non-receptor tyrosine-protein kinase TNK1"	"Q13470"	"SINGLE PROTEIN"	"Homo sapiens"	"999"	"1730"	"9606"	"False"
"CHEMBL1075166"	"G protein-coupled receptor kinase 3"	"P35626"	"SINGLE PROTEIN"	"Homo sapiens"	"278"	"335"	"9606"	"False"
"CHEMBL4766"	"[Pyruvate dehydrogenase (acetyl-transferring)] kinase isozyme 1, mitochondrial"	"Q15118"	"SINGLE PROTEIN"	"Homo sapiens"	"1886"	"2599"	"9606"	"False"
"CHEMBL1163108"	"STE20/SPS1-related proline-alanine-rich protein kinase"	"Q9UEW8"	"SINGLE PROTEIN"	"Homo sapiens"	"367"	"421"	"9606"	"False"
"CHEMBL2595"	"Serine/threonine-protein kinase D3"	"O94806"	"SINGLE PROTEIN"	"Homo sapiens"	"1816"	"2454"	"9606"	"False"
"CHEMBL4355"	"Cyclin-G-associated kinase"	"O14976"	"SINGLE PROTEIN"	"Homo sapiens"	"867"	"1295"	"9606"	"False"
"CHEMBL3984"	"Membrane-associated tyrosine- and threonine-specific cdc2-inhibitory kinase"	"Q99640"	"SINGLE PROTEIN"	"Homo sapiens"	"660"	"1188"	"9606"	"False"
"CHEMBL5122"	"Discoidin domain-containing receptor 2"	"Q16832"	"SINGLE PROTEIN"	"Homo sapiens"	"1493"	"2616"	"9606"	"False"
"CHEMBL2873"	"Mitogen-activated protein kinase kinase kinase 10"	"Q02779"	"SINGLE PROTEIN"	"Homo sapiens"	"382"	"481"	"9606"	"False"
"CHEMBL1908384"	"SNF-related serine/threonine-protein kinase"	"Q9NRH2"	"SINGLE PROTEIN"	"Homo sapiens"	"289"	"326"	"9606"	"False"
"CHEMBL3983"	"Dual specificity protein kinase TTK"	"P33981"	"SINGLE PROTEIN"	"Homo sapiens"	"2582"	"5918"	"9606"	"False"
"CHEMBL4226"	"Dual specificity protein kinase CLK3"	"P49761"	"SINGLE PROTEIN"	"Homo sapiens"	"2232"	"3114"	"9606"	"False"
"CHEMBL5198"	"Mitogen-activated protein kinase 15"	"Q8TD08"	"SINGLE PROTEIN"	"Homo sapiens"	"656"	"860"	"9606"	"False"
"CHEMBL3125"	"Ribosomal protein S6 kinase alpha-4"	"O75676"	"SINGLE PROTEIN"	"Homo sapiens"	"1210"	"2286"	"9606"	"False"
"CHEMBL5491"	"Wee1-like protein kinase"	"P30291"	"SINGLE PROTEIN"	"Homo sapiens"	"1774"	"3605"	"9606"	"False"
"CHEMBL1908389"	"Mitogen-activated protein kinase kinase kinase 12"	"Q12852"	"SINGLE PROTEIN"	"Homo sapiens"	"1241"	"2140"	"9606"	"False"
"CHEMBL2393"	"5'-AMP-activated protein kinase subunit gamma-1"	"P54619"	"SINGLE PROTEIN"	"Homo sapiens"	"256"	"258"	"9606"	"False"
"CHEMBL5466"	"Activin receptor type-2B"	"Q13705"	"SINGLE PROTEIN"	"Homo sapiens"	"482"	"602"	"9606"	"False"
"CHEMBL1795196"	"Serine/threonine-protein kinase WNK4"	"Q96J92"	"SINGLE PROTEIN"	"Homo sapiens"	"168"	"194"	"9606"	"False"
"CHEMBL4630"	"Serine/threonine-protein kinase Chk1"	"O14757"	"SINGLE PROTEIN"	"Homo sapiens"	"5716"	"8971"	"9606"	"False"
"CHEMBL4175"	"Megakaryocyte-associated tyrosine-protein kinase"	"P42679"	"SINGLE PROTEIN"	"Homo sapiens"	"775"	"834"	"9606"	"False"
"CHEMBL1163126"	"Serine/threonine-protein kinase ICK"	"Q9UPZ9"	"SINGLE PROTEIN"	"Homo sapiens"	"464"	"544"	"9606"	"False"
"CHEMBL4045"	"5'-AMP-activated protein kinase catalytic subunit alpha-1"	"Q13131"	"SINGLE PROTEIN"	"Homo sapiens"	"1940"	"2662"	"9606"	"False"
"CHEMBL2007"	"Platelet-derived growth factor receptor alpha"	"P16234"	"SINGLE PROTEIN"	"Homo sapiens"	"2664"	"6670"	"9606"	"False"
"CHEMBL4722"	"Aurora kinase A"	"O14965"	"SINGLE PROTEIN"	"Homo sapiens"	"8828"	"12415"	"9606"	"False"
"CHEMBL4899"	"Mitogen-activated protein kinase kinase kinase 8"	"P41279"	"SINGLE PROTEIN"	"Homo sapiens"	"428"	"504"	"9606"	"False"
"CHEMBL3650"	"Fibroblast growth factor receptor 1"	"P11362"	"SINGLE PROTEIN"	"Homo sapiens"	"8315"	"21960"	"9606"	"False"
"CHEMBL6166"	"Mitogen-activated protein kinase kinase kinase kinase 4"	"O95819"	"SINGLE PROTEIN"	"Homo sapiens"	"2660"	"5019"	"9606"	"False"
"CHEMBL3797"	"Serine-protein kinase ATM"	"Q13315"	"SINGLE PROTEIN"	"Homo sapiens"	"4191"	"6858"	"9606"	"False"
"CHEMBL5627"	"Leukocyte tyrosine kinase receptor"	"P29376"	"SINGLE PROTEIN"	"Homo sapiens"	"1127"	"1648"	"9606"	"False"
"CHEMBL6002"	"Cyclin-dependent kinase 19"	"Q9BWU1"	"SINGLE PROTEIN"	"Homo sapiens"	"492"	"576"	"9606"	"False"
"CHEMBL1163117"	"Cyclin-dependent kinase-like 3"	"Q8IVW4"	"SINGLE PROTEIN"	"Homo sapiens"	"270"	"299"	"9606"	"False"
"CHEMBL5719"	"Cyclin-dependent kinase 8"	"P49336"	"SINGLE PROTEIN"	"Homo sapiens"	"1311"	"1709"	"9606"	"False"
"CHEMBL4312"	"Serine/threonine-protein kinase 36"	"Q9NRP7"	"SINGLE PROTEIN"	"Homo sapiens"	"265"	"338"	"9606"	"False"
"CHEMBL2276"	"Mitogen-activated protein kinase 8"	"P45983"	"SINGLE PROTEIN"	"Homo sapiens"	"4412"	"6105"	"9606"	"False"
"CHEMBL5914"	"Mitogen-activated protein kinase kinase kinase 2"	"Q9Y2U5"	"SINGLE PROTEIN"	"Homo sapiens"	"554"	"731"	"9606"	"False"
"CHEMBL2171"	"Dual specificity mitogen-activated protein kinase kinase 6"	"P52564"	"SINGLE PROTEIN"	"Homo sapiens"	"945"	"1462"	"9606"	"False"
"CHEMBL2109"	"Dual specificity mitogen-activated protein kinase kinase 3"	"P46734"	"SINGLE PROTEIN"	"Homo sapiens"	"557"	"748"	"9606"	"False"
"CHEMBL3938"	"Serine/threonine-protein kinase 16"	"O75716"	"SINGLE PROTEIN"	"Homo sapiens"	"786"	"1034"	"9606"	"False"
"CHEMBL5483"	"Insulin receptor-related protein"	"P14616"	"SINGLE PROTEIN"	"Homo sapiens"	"996"	"1652"	"9606"	"False"
"CHEMBL4708"	"Serine/threonine-protein kinase 3"	"Q13188"	"SINGLE PROTEIN"	"Homo sapiens"	"2424"	"4034"	"9606"	"False"
"CHEMBL2431"	"RAC-beta serine/threonine-protein kinase"	"P31751"	"SINGLE PROTEIN"	"Homo sapiens"	"3418"	"5912"	"9606"	"False"
"CHEMBL5024"	"Serine/threonine-protein kinase ATR"	"Q13535"	"SINGLE PROTEIN"	"Homo sapiens"	"2762"	"13907"	"9606"	"False"
"CHEMBL2208"	"MAP kinase-activated protein kinase 2"	"P49137"	"SINGLE PROTEIN"	"Homo sapiens"	"3925"	"6114"	"9606"	"False"
"CHEMBL4439"	"TGF-beta receptor type-1"	"P36897"	"SINGLE PROTEIN"	"Homo sapiens"	"3734"	"10681"	"9606"	"False"
"CHEMBL308"	"Cyclin-dependent kinase 1"	"P06493"	"SINGLE PROTEIN"	"Homo sapiens"	"3348"	"4536"	"9606"	"False"
"CHEMBL1955"	"Vascular endothelial growth factor receptor 3"	"P35916"	"SINGLE PROTEIN"	"Homo sapiens"	"2423"	"3443"	"9606"	"False"
"CHEMBL3094"	"MAP kinase-activated protein kinase 5"	"Q8IW41"	"SINGLE PROTEIN"	"Homo sapiens"	"2089"	"3016"	"9606"	"False"
"CHEMBL1075104"	"Leucine-rich repeat serine/threonine-protein kinase 2"	"Q5S007"	"SINGLE PROTEIN"	"Homo sapiens"	"5366"	"18142"	"9606"	"False"
"CHEMBL2345"	"Ribosomal protein S6 kinase alpha-3"	"P51812"	"SINGLE PROTEIN"	"Homo sapiens"	"2943"	"4687"	"9606"	"False"
"CHEMBL1908382"	"Serine/threonine-protein kinase PRP4 homolog"	"Q13523"	"SINGLE PROTEIN"	"Homo sapiens"	"289"	"348"	"9606"	"False"
"CHEMBL2349"	"Phosphorylase b kinase gamma catalytic chain, liver/testis isoform"	"P15735"	"SINGLE PROTEIN"	"Homo sapiens"	"1599"	"2410"	"9606"	"False"
"CHEMBL2417353"	"Serine/threonine-protein kinase Nek8"	"Q86SG6"	"SINGLE PROTEIN"	"Homo sapiens"	"46"	"67"	"9606"	"False"
"CHEMBL4224"	"Dual specificity protein kinase CLK1"	"P49759"	"SINGLE PROTEIN"	"Homo sapiens"	"2085"	"2913"	"9606"	"False"
"CHEMBL2553"	"Ribosomal protein S6 kinase alpha-1"	"Q15418"	"SINGLE PROTEIN"	"Homo sapiens"	"1825"	"3281"	"9606"	"False"
"CHEMBL5579"	"Citron Rho-interacting kinase"	"O14578"	"SINGLE PROTEIN"	"Homo sapiens"	"575"	"720"	"9606"	"False"
"CHEMBL6082"	"Serine/threonine-protein kinase SIK1"	"P57059"	"SINGLE PROTEIN"	"Homo sapiens"	"997"	"1648"	"9606"	"False"
"CHEMBL4849"	"Serine/threonine-protein kinase Nek7"	"Q8TDX7"	"SINGLE PROTEIN"	"Homo sapiens"	"1187"	"2081"	"9606"	"False"
"CHEMBL4375"	"SRSF protein kinase 1"	"Q96SB4"	"SINGLE PROTEIN"	"Homo sapiens"	"1880"	"3083"	"9606"	"False"
"CHEMBL5888"	"Mitogen-activated protein kinase kinase kinase 14"	"Q99558"	"SINGLE PROTEIN"	"Homo sapiens"	"1658"	"3230"	"9606"	"False"
"CHEMBL5861"	"G protein-coupled receptor kinase 4"	"P32298"	"SINGLE PROTEIN"	"Homo sapiens"	"331"	"373"	"9606"	"False"
"CHEMBL4627"	"Myosin light chain kinase"	"Q32MK0"	"SINGLE PROTEIN"	"Homo sapiens"	"450"	"524"	"9606"	"False"
"CHEMBL5819"	"Serine/threonine-protein kinase Nek4"	"P51957"	"SINGLE PROTEIN"	"Homo sapiens"	"983"	"1067"	"9606"	"False"
"CHEMBL5415"	"SRSF protein kinase 3"	"Q9UPE1"	"SINGLE PROTEIN"	"Homo sapiens"	"955"	"1574"	"9606"	"False"
"CHEMBL4896"	"Lymphokine-activated killer T-cell-originated protein kinase"	"Q96KB5"	"SINGLE PROTEIN"	"Homo sapiens"	"978"	"1028"	"9606"	"False"
"CHEMBL2801"	"Calcium/calmodulin-dependent protein kinase type II subunit delta"	"Q13557"	"SINGLE PROTEIN"	"Homo sapiens"	"2027"	"2968"	"9606"	"False"
"CHEMBL4442"	"Cyclin-dependent kinase 3"	"Q00526"	"SINGLE PROTEIN"	"Homo sapiens"	"495"	"628"	"9606"	"False"
"CHEMBL4134"	"Ephrin type-A receptor 8"	"P29322"	"SINGLE PROTEIN"	"Homo sapiens"	"596"	"890"	"9606"	"False"
"CHEMBL3123"	"Death-associated protein kinase 2"	"Q9UIK4"	"SINGLE PROTEIN"	"Homo sapiens"	"547"	"821"	"9606"	"False"
"CHEMBL5650"	"Serine/threonine-protein kinase BRSK1"	"Q8TDC3"	"SINGLE PROTEIN"	"Homo sapiens"	"1555"	"2226"	"9606"	"False"
"CHEMBL1075173"	"Serine/threonine-protein kinase WNK1"	"Q9H4A3"	"SINGLE PROTEIN"	"Homo sapiens"	"302"	"391"	"9606"	"False"
"CHEMBL5607"	"Rhodopsin kinase GRK1"	"Q15835"	"SINGLE PROTEIN"	"Homo sapiens"	"388"	"533"	"9606"	"False"
"CHEMBL5546"	"Myosin-IIIa"	"Q8NEV4"	"SINGLE PROTEIN"	"Homo sapiens"	"268"	"323"	"9606"	"False"
"CHEMBL4574"	"Serine/threonine-protein kinase BRSK2"	"Q8IWQ3"	"SINGLE PROTEIN"	"Homo sapiens"	"991"	"1669"	"9606"	"False"
"CHEMBL5256"	"Calcium/calmodulin-dependent protein kinase kinase 1"	"Q8N5S9"	"SINGLE PROTEIN"	"Homo sapiens"	"446"	"574"	"9606"	"False"
"CHEMBL5940"	"Serine/threonine-protein kinase MARK1"	"Q9P0L2"	"SINGLE PROTEIN"	"Homo sapiens"	"1086"	"1765"	"9606"	"False"
"CHEMBL2358"	"Casein kinase II subunit beta"	"P67870"	"SINGLE PROTEIN"	"Homo sapiens"	"926"	"990"	"9606"	"False"
"CHEMBL1772932"	"Mitotic checkpoint serine/threonine-protein kinase BUB1"	"O43683"	"SINGLE PROTEIN"	"Homo sapiens"	"1564"	"4121"	"9606"	"False"
"CHEMBL2116"	"5'-AMP-activated protein kinase catalytic subunit alpha-2"	"P54646"	"SINGLE PROTEIN"	"Homo sapiens"	"1413"	"2907"	"9606"	"False"
"CHEMBL4014"	"Tyrosine-protein kinase ABL2"	"P42684"	"SINGLE PROTEIN"	"Homo sapiens"	"1229"	"2141"	"9606"	"False"
"CHEMBL1163123"	"Mitogen-activated protein kinase kinase kinase 6"	"O95382"	"SINGLE PROTEIN"	"Homo sapiens"	"469"	"592"	"9606"	"False"
"CHEMBL5668"	"SRSF protein kinase 2"	"P78362"	"SINGLE PROTEIN"	"Homo sapiens"	"580"	"909"	"9606"	"False"
"CHEMBL1163106"	"Serine/threonine-protein kinase MAK"	"P20794"	"SINGLE PROTEIN"	"Homo sapiens"	"271"	"293"	"9606"	"False"
"CHEMBL3559692"	"Cyclin-dependent kinase 12"	"Q9NYV4"	"SINGLE PROTEIN"	"Homo sapiens"	"502"	"1024"	"9606"	"False"
"CHEMBL5082"	"Serine/threonine-protein kinase 24"	"Q9Y6E0"	"SINGLE PROTEIN"	"Homo sapiens"	"843"	"1464"	"9606"	"False"
"CHEMBL1163128"	"Microtubule-associated serine/threonine-protein kinase 1"	"Q9Y2H9"	"SINGLE PROTEIN"	"Homo sapiens"	"247"	"271"	"9606"	"False"
"CHEMBL5095"	"Wee1-like protein kinase 2"	"P0C1S8"	"SINGLE PROTEIN"	"Homo sapiens"	"273"	"305"	"9606"	"False"
"CHEMBL2783"	"Cyclin-dependent kinase 5 activator 1"	"Q15078"	"SINGLE PROTEIN"	"Homo sapiens"	"34"	"88"	"9606"	"False"
"CHEMBL5416"	"Cyclin-dependent kinase 11A"	"Q9UQ88"	"SINGLE PROTEIN"	"Homo sapiens"	"291"	"394"	"9606"	"False"
"CHEMBL1293199"	"Serine/threonine-protein kinase VRK1"	"Q99986"	"SINGLE PROTEIN"	"Homo sapiens"	"299"	"343"	"9606"	"False"
"CHEMBL4141"	"[Pyruvate dehydrogenase (acetyl-transferring)] kinase isozyme 4, mitochondrial"	"Q16654"	"SINGLE PROTEIN"	"Homo sapiens"	"156"	"196"	"9606"	"False"
"CHEMBL2250"	"Tyrosine-protein kinase Blk"	"P51451"	"SINGLE PROTEIN"	"Homo sapiens"	"1930"	"3032"	"9606"	"False"
"CHEMBL5331"	"Tyrosine-protein kinase Mer"	"Q12866"	"SINGLE PROTEIN"	"Homo sapiens"	"4204"	"13577"	"9606"	"False"
"CHEMBL4376"	"Dual specificity tyrosine-phosphorylation-regulated kinase 2"	"Q92630"	"SINGLE PROTEIN"	"Homo sapiens"	"1783"	"2548"	"9606"	"False"
"CHEMBL3778"	"Interleukin-1 receptor-associated kinase 4"	"Q9NWZ3"	"SINGLE PROTEIN"	"Homo sapiens"	"11188"	"32353"	"9606"	"False"
"CHEMBL3337330"	"Serine/threonine-protein kinase PINK1, mitochondrial"	"Q9BXM7"	"SINGLE PROTEIN"	"Homo sapiens"	"32"	"49"	"9606"	"False"
"CHEMBL6167"	"Serine/threonine-protein kinase LATS1"	"O95835"	"SINGLE PROTEIN"	"Homo sapiens"	"785"	"1839"	"9606"	"False"
"CHEMBL4578"	"Maternal embryonic leucine zipper kinase"	"Q14680"	"SINGLE PROTEIN"	"Homo sapiens"	"2668"	"3718"	"9606"	"False"
"CHEMBL5467"	"Bone morphogenetic protein receptor type-2"	"Q13873"	"SINGLE PROTEIN"	"Homo sapiens"	"578"	"740"	"9606"	"False"
"CHEMBL3357"	"Interleukin-1 receptor-associated kinase 1"	"P51617"	"SINGLE PROTEIN"	"Homo sapiens"	"1891"	"3212"	"9606"	"False"
"CHEMBL4924"	"Ribosomal protein S6 kinase alpha-6"	"Q9UK32"	"SINGLE PROTEIN"	"Homo sapiens"	"1144"	"2192"	"9606"	"False"
"CHEMBL2428"	"Myosin light chain kinase, smooth muscle"	"Q15746"	"SINGLE PROTEIN"	"Homo sapiens"	"925"	"1506"	"9606"	"False"
"CHEMBL4897"	"Serine/threonine-protein kinase PLK3"	"Q9H4B4"	"SINGLE PROTEIN"	"Homo sapiens"	"1670"	"2053"	"9606"	"False"
"CHEMBL5258"	"Calcium/calmodulin-dependent protein kinase type 1G"	"Q96NX5"	"SINGLE PROTEIN"	"Homo sapiens"	"529"	"636"	"9606"	"False"
"CHEMBL5330"	"Mitogen-activated protein kinase kinase kinase kinase 2"	"Q12851"	"SINGLE PROTEIN"	"Homo sapiens"	"2063"	"2888"	"9606"	"False"
"CHEMBL203"	"Epidermal growth factor receptor"	"P00533"	"SINGLE PROTEIN"	"Homo sapiens"	"18740"	"57722"	"9606"	"False"
"CHEMBL5427"	"Homeodomain-interacting protein kinase 1"	"Q86Z02"	"SINGLE PROTEIN"	"Homo sapiens"	"1057"	"1675"	"9606"	"False"
"CHEMBL6144"	"G protein-coupled receptor kinase 6"	"P43250"	"SINGLE PROTEIN"	"Homo sapiens"	"1011"	"1750"	"9606"	"False"
"CHEMBL5701"	"Serine/threonine-protein kinase TAO3"	"Q9H2K8"	"SINGLE PROTEIN"	"Homo sapiens"	"807"	"1115"	"9606"	"False"
"CHEMBL3834"	"Cytoplasmic tyrosine-protein kinase BMX"	"P51813"	"SINGLE PROTEIN"	"Homo sapiens"	"1391"	"2774"	"9606"	"False"
"CHEMBL5455"	"Tyrosine-protein kinase Fes/Fps"	"P07332"	"SINGLE PROTEIN"	"Homo sapiens"	"1692"	"2482"	"9606"	"False"
"CHEMBL4526"	"Ephrin type-A receptor 6"	"Q9UF33"	"SINGLE PROTEIN"	"Homo sapiens"	"339"	"436"	"9606"	"False"
"CHEMBL3920"	"Protein kinase C theta type"	"Q04759"	"SINGLE PROTEIN"	"Homo sapiens"	"2525"	"3612"	"9606"	"False"
"CHEMBL3438"	"Protein kinase C zeta type"	"Q05513"	"SINGLE PROTEIN"	"Homo sapiens"	"1795"	"2505"	"9606"	"False"
"CHEMBL3973"	"Fibroblast growth factor receptor 4"	"P22455"	"SINGLE PROTEIN"	"Homo sapiens"	"3764"	"12481"	"9606"	"False"
"CHEMBL301"	"Cyclin-dependent kinase 2"	"P24941"	"SINGLE PROTEIN"	"Homo sapiens"	"7441"	"11236"	"9606"	"False"
"CHEMBL4851"	"Serine/threonine-protein kinase 38-like"	"Q9Y2H1"	"SINGLE PROTEIN"	"Homo sapiens"	"459"	"651"	"9606"	"False"
"CHEMBL4597"	"Cyclin-dependent kinase 16"	"Q00536"	"SINGLE PROTEIN"	"Homo sapiens"	"710"	"934"	"9606"	"False"
"CHEMBL5147"	"Ephrin type-B receptor 4"	"P54760"	"SINGLE PROTEIN"	"Homo sapiens"	"2539"	"4429"	"9606"	"False"
"CHEMBL3582"	"Protein kinase C epsilon type"	"Q02156"	"SINGLE PROTEIN"	"Homo sapiens"	"1188"	"1663"	"9606"	"False"
"CHEMBL1991"	"Inhibitor of nuclear factor kappa-B kinase subunit beta"	"O14920"	"SINGLE PROTEIN"	"Homo sapiens"	"3655"	"6123"	"9606"	"False"
"CHEMBL3629"	"Casein kinase II subunit alpha"	"P68400"	"SINGLE PROTEIN"	"Homo sapiens"	"2618"	"5264"	"9606"	"False"
"CHEMBL2527"	"Serine/threonine-protein kinase Chk2"	"O96017"	"SINGLE PROTEIN"	"Homo sapiens"	"2876"	"4311"	"9606"	"False"
"CHEMBL4937"	"Casein kinase I isoform epsilon"	"P49674"	"SINGLE PROTEIN"	"Homo sapiens"	"2443"	"4658"	"9606"	"False"
"CHEMBL2073"	"Tyrosine-protein kinase Yes"	"P07947"	"SINGLE PROTEIN"	"Homo sapiens"	"1800"	"3073"	"9606"	"False"
"CHEMBL1844"	"Macrophage colony-stimulating factor 1 receptor"	"P07333"	"SINGLE PROTEIN"	"Homo sapiens"	"4826"	"9963"	"9606"	"False"
"CHEMBL3587"	"Dual specificity mitogen-activated protein kinase kinase 1"	"Q02750"	"SINGLE PROTEIN"	"Homo sapiens"	"3199"	"5281"	"9606"	"False"
"CHEMBL5469"	"Protein-tyrosine kinase 2-beta"	"Q14289"	"SINGLE PROTEIN"	"Homo sapiens"	"2157"	"3061"	"9606"	"False"
"CHEMBL5251"	"Tyrosine-protein kinase BTK"	"Q06187"	"SINGLE PROTEIN"	"Homo sapiens"	"14853"	"61728"	"9606"	"False"
"CHEMBL2959"	"Tyrosine-protein kinase ITK/TSK"	"Q08881"	"SINGLE PROTEIN"	"Homo sapiens"	"3410"	"7443"	"9606"	"False"
"CHEMBL3055"	"Cyclin-dependent kinase 7"	"P50613"	"SINGLE PROTEIN"	"Homo sapiens"	"1439"	"2329"	"9606"	"False"
"CHEMBL2708"	"Mitogen-activated protein kinase kinase kinase 11"	"Q16584"	"SINGLE PROTEIN"	"Homo sapiens"	"944"	"2096"	"9606"	"False"
"CHEMBL4128"	"Angiopoietin-1 receptor"	"Q02763"	"SINGLE PROTEIN"	"Homo sapiens"	"2405"	"3535"	"9606"	"False"
"CHEMBL5903"	"Activin receptor type-1"	"Q04771"	"SINGLE PROTEIN"	"Homo sapiens"	"2353"	"7015"	"9606"	"False"
"CHEMBL1974"	"Receptor-type tyrosine-protein kinase FLT3"	"P36888"	"SINGLE PROTEIN"	"Homo sapiens"	"8546"	"19473"	"9606"	"False"
"CHEMBL4482"	"Serine/threonine-protein kinase PAK 4"	"O96013"	"SINGLE PROTEIN"	"Homo sapiens"	"2573"	"3459"	"9606"	"False"
"CHEMBL1936"	"Mast/stem cell growth factor receptor Kit"	"P10721"	"SINGLE PROTEIN"	"Homo sapiens"	"6372"	"24367"	"9606"	"False"
"CHEMBL5838"	"Receptor tyrosine-protein kinase erbB-3"	"P21860"	"SINGLE PROTEIN"	"Homo sapiens"	"336"	"404"	"9606"	"False"
"CHEMBL1981"	"Insulin receptor"	"P06213"	"SINGLE PROTEIN"	"Homo sapiens"	"4064"	"5994"	"9606"	"False"
"CHEMBL279"	"Vascular endothelial growth factor receptor 2"	"P35968"	"SINGLE PROTEIN"	"Homo sapiens"	"16941"	"29352"	"9606"	"False"
"CHEMBL2996"	"Protein kinase C delta type"	"Q05655"	"SINGLE PROTEIN"	"Homo sapiens"	"2417"	"3138"	"9606"	"False"
"CHEMBL6030"	"Eukaryotic translation initiation factor 2-alpha kinase 3"	"Q9NZJ5"	"SINGLE PROTEIN"	"Homo sapiens"	"473"	"916"	"9606"	"False"
"CHEMBL5073"	"Calcium/calmodulin-dependent protein kinase type 1D"	"Q8IU85"	"SINGLE PROTEIN"	"Homo sapiens"	"1529"	"2637"	"9606"	"False"
"CHEMBL5072"	"Ephrin type-B receptor 1"	"P54762"	"SINGLE PROTEIN"	"Homo sapiens"	"665"	"992"	"9606"	"False"
"CHEMBL6055"	"Serine/threonine-protein kinase WNK3"	"Q9BYP7"	"SINGLE PROTEIN"	"Homo sapiens"	"401"	"605"	"9606"	"False"
"CHEMBL5754"	"MAP/microtubule affinity-regulating kinase 4"	"Q96L34"	"SINGLE PROTEIN"	"Homo sapiens"	"1076"	"1676"	"9606"	"False"
"CHEMBL5311"	"Activin receptor type-1-like"	"P37023"	"SINGLE PROTEIN"	"Homo sapiens"	"788"	"1983"	"9606"	"False"
"CHEMBL5464"	"Receptor-interacting serine/threonine-protein kinase 1"	"Q13546"	"SINGLE PROTEIN"	"Homo sapiens"	"4960"	"16973"	"9606"	"False"
"CHEMBL1913"	"Platelet-derived growth factor receptor beta"	"P09619"	"SINGLE PROTEIN"	"Homo sapiens"	"4305"	"7770"	"9606"	"False"
"CHEMBL2906"	"Phosphorylase b kinase regulatory subunit alpha, liver isoform"	"P46019"	"SINGLE PROTEIN"	"Homo sapiens"	"127"	"137"	"9606"	"False"
"CHEMBL2292"	"Dual specificity tyrosine-phosphorylation-regulated kinase 1A"	"Q13627"	"SINGLE PROTEIN"	"Homo sapiens"	"6590"	"17790"	"9606"	"False"
"CHEMBL3844"	"Phosphorylase kinase beta subunit"	"Q93100"	"SINGLE PROTEIN"	"Homo sapiens"	"2"	"4"	"9606"	"False"
"CHEMBL5639"	"Serine/threonine-protein kinase WNK2"	"Q9Y3S1"	"SINGLE PROTEIN"	"Homo sapiens"	"430"	"667"	"9606"	"False"
"CHEMBL5600"	"MAP/microtubule affinity-regulating kinase 3"	"P27448"	"SINGLE PROTEIN"	"Homo sapiens"	"1970"	"2714"	"9606"	"False"
"CHEMBL2971"	"Tyrosine-protein kinase JAK2"	"O60674"	"SINGLE PROTEIN"	"Homo sapiens"	"17559"	"56207"	"9606"	"False"
"CHEMBL5316"	"Cyclin-dependent kinase 18"	"Q07002"	"SINGLE PROTEIN"	"Homo sapiens"	"307"	"401"	"9606"	"False"
"CHEMBL5969"	"Phosphatidylinositol 4-phosphate 5-kinase type-1 alpha"	"Q99755"	"SINGLE PROTEIN"	"Homo sapiens"	"324"	"393"	"9606"	"False"
"CHEMBL4599"	"Activated CDC42 kinase 1"	"Q07912"	"SINGLE PROTEIN"	"Homo sapiens"	"2140"	"3282"	"9606"	"False"
"CHEMBL3893"	"[Pyruvate dehydrogenase (acetyl-transferring)] kinase isozyme 3, mitochondrial"	"Q15120"	"SINGLE PROTEIN"	"Homo sapiens"	"64"	"77"	"9606"	"False"
"CHEMBL5749"	"Mitogen-activated protein kinase kinase kinase kinase 1"	"Q92918"	"SINGLE PROTEIN"	"Homo sapiens"	"6422"	"29391"	"9606"	"False"
"CHEMBL5970"	"Mitogen-activated protein kinase kinase kinase 3"	"Q99759"	"SINGLE PROTEIN"	"Homo sapiens"	"535"	"680"	"9606"	"False"
"CHEMBL6186"	"Serine/threonine-protein kinase Sgk3"	"Q96BR1"	"SINGLE PROTEIN"	"Homo sapiens"	"936"	"1571"	"9606"	"False"
"CHEMBL2828"	"Casein kinase I isoform delta"	"P48730"	"SINGLE PROTEIN"	"Homo sapiens"	"5103"	"8091"	"9606"	"False"
"CHEMBL4267"	"TGF-beta receptor type-2"	"P37173"	"SINGLE PROTEIN"	"Homo sapiens"	"1492"	"3330"	"9606"	"False"
"CHEMBL3385"	"Mitogen-activated protein kinase 3"	"P27361"	"SINGLE PROTEIN"	"Homo sapiens"	"3384"	"6178"	"9606"	"False"
"CHEMBL3290"	"Ephrin type-B receptor 2"	"P29323"	"SINGLE PROTEIN"	"Homo sapiens"	"1250"	"2053"	"9606"	"False"
"CHEMBL1075133"	"Rhodopsin kinase GRK7"	"Q8WTQ7"	"SINGLE PROTEIN"	"Homo sapiens"	"862"	"1439"	"9606"	"False"
"CHEMBL1075155"	"Serine/threonine-protein kinase 38"	"Q15208"	"SINGLE PROTEIN"	"Homo sapiens"	"506"	"604"	"9606"	"False"
"CHEMBL5938"	"Serine/threonine-protein kinase PLK2"	"Q9NYY3"	"SINGLE PROTEIN"	"Homo sapiens"	"854"	"1134"	"9606"	"False"
"CHEMBL267"	"Proto-oncogene tyrosine-protein kinase Src"	"P12931"	"SINGLE PROTEIN"	"Homo sapiens"	"8537"	"15433"	"9606"	"False"
"CHEMBL3788"	"Serine/threonine-protein kinase PLK4"	"O00444"	"SINGLE PROTEIN"	"Homo sapiens"	"2063"	"3509"	"9606"	"False"
"CHEMBL4223"	"Tyrosine-protein kinase FRK"	"P42685"	"SINGLE PROTEIN"	"Homo sapiens"	"1629"	"2490"	"9606"	"False"
"CHEMBL2777"	"Myosin light chain kinase 2, skeletal/cardiac muscle"	"Q9H1R3"	"SINGLE PROTEIN"	"Homo sapiens"	"401"	"509"	"9606"	"False"
"CHEMBL5932"	"LIM domain kinase 2"	"P53671"	"SINGLE PROTEIN"	"Homo sapiens"	"815"	"1072"	"9606"	"False"
"CHEMBL5547"	"Ankyrin repeat and protein kinase domain-containing protein 1"	"Q8NFD2"	"SINGLE PROTEIN"	"Homo sapiens"	"262"	"311"	"9606"	"False"
"CHEMBL2543"	"Casein kinase I isoform gamma-2"	"P78368"	"SINGLE PROTEIN"	"Homo sapiens"	"1792"	"2647"	"9606"	"False"
"CHEMBL4036"	"Cyclin-dependent kinase 5"	"Q00535"	"SINGLE PROTEIN"	"Homo sapiens"	"2501"	"3467"	"9606"	"False"
"CHEMBL5678"	"G protein-coupled receptor kinase 5"	"P34947"	"SINGLE PROTEIN"	"Homo sapiens"	"904"	"1320"	"9606"	"False"
"CHEMBL6162"	"Cyclin-dependent kinase 14"	"O94921"	"SINGLE PROTEIN"	"Homo sapiens"	"312"	"391"	"9606"	"False"
"CHEMBL4367"	"Tyrosine-protein kinase TXK"	"P42681"	"SINGLE PROTEIN"	"Homo sapiens"	"1416"	"2898"	"9606"	"False"
"CHEMBL3553"	"Non-receptor tyrosine-protein kinase TYK2"	"P29597"	"SINGLE PROTEIN"	"Homo sapiens"	"10448"	"44810"	"9606"	"False"
"CHEMBL4004"	"Phosphorylase b kinase gamma catalytic chain, skeletal muscle/heart isoform"	"Q16816"	"SINGLE PROTEIN"	"Homo sapiens"	"762"	"1236"	"9606"	"False"
"CHEMBL4282"	"RAC-alpha serine/threonine-protein kinase"	"P31749"	"SINGLE PROTEIN"	"Homo sapiens"	"7404"	"16595"	"9606"	"False"
"CHEMBL1169596"	"Serine/threonine-protein kinase A-Raf"	"P10398"	"SINGLE PROTEIN"	"Homo sapiens"	"414"	"447"	"9606"	"False"
"CHEMBL2534"	"3-phosphoinositide-dependent protein kinase 1"	"O15530"	"SINGLE PROTEIN"	"Homo sapiens"	"3970"	"7275"	"9606"	"False"
"CHEMBL3009"	"Receptor tyrosine-protein kinase erbB-4"	"Q15303"	"SINGLE PROTEIN"	"Homo sapiens"	"2113"	"2971"	"9606"	"False"
"CHEMBL4600"	"Serine/threonine-protein kinase PAK 1"	"Q13153"	"SINGLE PROTEIN"	"Homo sapiens"	"2016"	"2726"	"9606"	"False"
"CHEMBL5145"	"Serine/threonine-protein kinase B-raf"	"P15056"	"SINGLE PROTEIN"	"Homo sapiens"	"8874"	"25907"	"9606"	"False"
"CHEMBL5476"	"Bone morphogenetic protein receptor type-1B"	"O00238"	"SINGLE PROTEIN"	"Homo sapiens"	"790"	"1896"	"9606"	"False"
"CHEMBL3717"	"Hepatocyte growth factor receptor"	"P08581"	"SINGLE PROTEIN"	"Homo sapiens"	"8735"	"19853"	"9606"	"False"
"CHEMBL1868"	"Vascular endothelial growth factor receptor 1"	"P17948"	"SINGLE PROTEIN"	"Homo sapiens"	"4575"	"7436"	"9606"	"False"
"CHEMBL4142"	"Fibroblast growth factor receptor 2"	"P21802"	"SINGLE PROTEIN"	"Homo sapiens"	"4687"	"13303"	"9606"	"False"
"CHEMBL5314"	"Tyrosine-protein kinase receptor TYRO3"	"Q06418"	"SINGLE PROTEIN"	"Homo sapiens"	"3722"	"9453"	"9606"	"False"
"CHEMBL3616"	"Protein kinase C eta type"	"P24723"	"SINGLE PROTEIN"	"Homo sapiens"	"1240"	"1985"	"9606"	"False"
"CHEMBL4121"	"Calcium/calmodulin-dependent protein kinase type II subunit beta"	"Q13554"	"SINGLE PROTEIN"	"Homo sapiens"	"1314"	"1743"	"9606"	"False"
"CHEMBL5081"	"Interleukin-1 receptor-associated kinase 3"	"Q9Y616"	"SINGLE PROTEIN"	"Homo sapiens"	"503"	"648"	"9606"	"False"
"CHEMBL5855"	"Serine/threonine-protein kinase Nek1"	"Q96PY6"	"SINGLE PROTEIN"	"Homo sapiens"	"1379"	"2020"	"9606"	"False"
"CHEMBL2599"	"Tyrosine-protein kinase SYK"	"P43405"	"SINGLE PROTEIN"	"Homo sapiens"	"7858"	"17619"	"9606"	"False"
"CHEMBL5443"	"Cell division cycle 7-related protein kinase"	"O00311"	"SINGLE PROTEIN"	"Homo sapiens"	"1227"	"1406"	"9606"	"False"
"CHEMBL3142"	"DNA-dependent protein kinase catalytic subunit"	"P78527"	"SINGLE PROTEIN"	"Homo sapiens"	"2255"	"6651"	"9606"	"False"
"CHEMBL3935"	"Aurora kinase C"	"Q9UQB9"	"SINGLE PROTEIN"	"Homo sapiens"	"1126"	"1899"	"9606"	"False"
"CHEMBL3905"	"Tyrosine-protein kinase Lyn"	"P07948"	"SINGLE PROTEIN"	"Homo sapiens"	"3004"	"6388"	"9606"	"False"
"CHEMBL5285"	"Mitogen-activated protein kinase kinase kinase 5"	"Q99683"	"SINGLE PROTEIN"	"Homo sapiens"	"2805"	"7692"	"9606"	"False"
"CHEMBL2835"	"Tyrosine-protein kinase JAK1"	"P23458"	"SINGLE PROTEIN"	"Homo sapiens"	"14268"	"47653"	"9606"	"False"
"CHEMBL2068"	"Ephrin type-A receptor 2"	"P29317"	"SINGLE PROTEIN"	"Homo sapiens"	"2902"	"4750"	"9606"	"False"
"CHEMBL3032"	"Serine/threonine-protein kinase N2"	"Q16513"	"SINGLE PROTEIN"	"Homo sapiens"	"1615"	"2136"	"9606"	"False"
"CHEMBL4203"	"Dual specificity protein kinase CLK4"	"Q9HAZ1"	"SINGLE PROTEIN"	"Homo sapiens"	"2939"	"4468"	"9606"	"False"
"CHEMBL5759"	"Mitogen-activated protein kinase 4"	"P31152"	"SINGLE PROTEIN"	"Homo sapiens"	"261"	"316"	"9606"	"False"
"CHEMBL5320"	"Myotonin-protein kinase"	"Q09013"	"SINGLE PROTEIN"	"Homo sapiens"	"683"	"1022"	"9606"	"False"
"CHEMBL3980"	"Serine/threonine-protein kinase 17B"	"O94768"	"SINGLE PROTEIN"	"Homo sapiens"	"610"	"923"	"9606"	"False"
"CHEMBL5543"	"Dual specificity tyrosine-phosphorylation-regulated kinase 1B"	"Q9Y463"	"SINGLE PROTEIN"	"Homo sapiens"	"2233"	"3062"	"9606"	"False"
"CHEMBL5319"	"Epithelial discoidin domain-containing receptor 1"	"Q08345"	"SINGLE PROTEIN"	"Homo sapiens"	"2219"	"5364"	"9606"	"False"
"CHEMBL2508"	"Cyclin-dependent kinase 6"	"Q00534"	"SINGLE PROTEIN"	"Homo sapiens"	"1691"	"3345"	"9606"	"False"
"CHEMBL2346490"	"Cyclin-K"	"O75909"	"SINGLE PROTEIN"	"Homo sapiens"	"8"	"12"	"9606"	"False"
"CHEMBL1818"	"IkappaB kinase complex-associated protein"	"O95163"	"SINGLE PROTEIN"	"Homo sapiens"	"1"	"2"	"9606"	"False"
"CHEMBL5794"	"Serine/threonine-protein kinase Sgk2"	"Q9HBY8"	"SINGLE PROTEIN"	"Homo sapiens"	"1539"	"2143"	"9606"	"False"
"CHEMBL2468"	"Death-associated protein kinase 3"	"O43293"	"SINGLE PROTEIN"	"Homo sapiens"	"1679"	"2215"	"9606"	"False"
"CHEMBL2939"	"Mitogen-activated protein kinase 13"	"O15264"	"SINGLE PROTEIN"	"Homo sapiens"	"2086"	"3124"	"9606"	"False"
"CHEMBL6006"	"Serine/threonine-protein kinase ULK1"	"O75385"	"SINGLE PROTEIN"	"Homo sapiens"	"1093"	"3327"	"9606"	"False"
"CHEMBL1906"	"RAF proto-oncogene serine/threonine-protein kinase"	"P04049"	"SINGLE PROTEIN"	"Homo sapiens"	"5327"	"16104"	"9606"	"False"
"CHEMBL5405"	"Serine/threonine-protein kinase 32C"	"Q86UX6"	"SINGLE PROTEIN"	"Homo sapiens"	"342"	"419"	"9606"	"False"
"CHEMBL260"	"Mitogen-activated protein kinase 14"	"Q16539"	"SINGLE PROTEIN"	"Homo sapiens"	"9153"	"16324"	"9606"	"False"
"CHEMBL1841"	"Tyrosine-protein kinase Fyn"	"P06241"	"SINGLE PROTEIN"	"Homo sapiens"	"4368"	"11093"	"9606"	"False"
"CHEMBL4225"	"Dual specificity protein kinase CLK2"	"P49760"	"SINGLE PROTEIN"	"Homo sapiens"	"3371"	"4487"	"9606"	"False"
"CHEMBL2148"	"Tyrosine-protein kinase JAK3"	"P52333"	"SINGLE PROTEIN"	"Homo sapiens"	"11618"	"34068"	"9606"	"False"
"CHEMBL2850"	"Glycogen synthase kinase-3 alpha"	"P49840"	"SINGLE PROTEIN"	"Homo sapiens"	"3707"	"7801"	"9606"	"False"
"CHEMBL5608"	"NT-3 growth factor receptor"	"Q16288"	"SINGLE PROTEIN"	"Homo sapiens"	"2039"	"2767"	"9606"	"False"
"CHEMBL2973"	"Rho-associated protein kinase 2"	"O75116"	"SINGLE PROTEIN"	"Homo sapiens"	"8452"	"20159"	"9606"	"False"
"CHEMBL5275"	"Bone morphogenetic protein receptor type-1A"	"P36894"	"SINGLE PROTEIN"	"Homo sapiens"	"875"	"2147"	"9606"	"False"
"CHEMBL5616"	"Activin receptor type-2A"	"P27037"	"SINGLE PROTEIN"	"Homo sapiens"	"320"	"382"	"9606"	"False"
"CHEMBL2815"	"High affinity nerve growth factor receptor"	"P04629"	"SINGLE PROTEIN"	"Homo sapiens"	"8686"	"26516"	"9606"	"False"
"CHEMBL5310"	"Activin receptor type-1B"	"P36896"	"SINGLE PROTEIN"	"Homo sapiens"	"956"	"1888"	"9606"	"False"
"CHEMBL2964"	"Dual specificity mitogen-activated protein kinase kinase 2"	"P36507"	"SINGLE PROTEIN"	"Homo sapiens"	"1084"	"1431"	"9606"	"False"
"CHEMBL5606"	"Serine/threonine-protein kinase STK11"	"Q15831"	"SINGLE PROTEIN"	"Homo sapiens"	"784"	"1134"	"9606"	"False"
"CHEMBL5518"	"Misshapen-like kinase 1"	"Q8N4C8"	"SINGLE PROTEIN"	"Homo sapiens"	"1760"	"2498"	"9606"	"False"
"CHEMBL2634"	"Tyrosine-protein kinase CSK"	"P41240"	"SINGLE PROTEIN"	"Homo sapiens"	"1658"	"2652"	"9606"	"False"
"CHEMBL5084"	"Casein kinase I isoform gamma-3"	"Q9Y6M4"	"SINGLE PROTEIN"	"Homo sapiens"	"1703"	"2511"	"9606"	"False"
"CHEMBL2558"	"Death-associated protein kinase 1"	"P53355"	"SINGLE PROTEIN"	"Homo sapiens"	"1097"	"1785"	"9606"	"False"
"CHEMBL5615"	"Serine/threonine-protein kinase MRCK gamma"	"Q6DT37"	"SINGLE PROTEIN"	"Homo sapiens"	"448"	"562"	"9606"	"False"
"CHEMBL2803"	"Tyrosine-protein kinase ZAP-70"	"P43403"	"SINGLE PROTEIN"	"Homo sapiens"	"1619"	"2379"	"9606"	"False"
"CHEMBL4853"	"Mitogen-activated protein kinase kinase kinase 4"	"Q9Y6R4"	"SINGLE PROTEIN"	"Homo sapiens"	"503"	"669"	"9606"	"False"
"CHEMBL5026"	"Eukaryotic elongation factor 2 kinase"	"O00418"	"SINGLE PROTEIN"	"Homo sapiens"	"1070"	"1493"	"9606"	"False"
"CHEMBL2793"	"Casein kinase I isoform alpha"	"P48729"	"SINGLE PROTEIN"	"Homo sapiens"	"2132"	"2823"	"9606"	"False"
"CHEMBL3529"	"Inhibitor of nuclear factor kappa-B kinase subunit epsilon"	"Q14164"	"SINGLE PROTEIN"	"Homo sapiens"	"2175"	"3801"	"9606"	"False"
"CHEMBL4309"	"Serine/threonine-protein kinase Nek6"	"Q9HC98"	"SINGLE PROTEIN"	"Homo sapiens"	"1286"	"2134"	"9606"	"False"
"CHEMBL4179"	"Mitogen-activated protein kinase 9"	"P45984"	"SINGLE PROTEIN"	"Homo sapiens"	"3891"	"5530"	"9606"	"False"
"CHEMBL5568"	"Proto-oncogene tyrosine-protein kinase ROS"	"P08922"	"SINGLE PROTEIN"	"Homo sapiens"	"1772"	"2966"	"9606"	"False"
"CHEMBL2872"	"Mitogen-activated protein kinase kinase kinase 9"	"P80192"	"SINGLE PROTEIN"	"Homo sapiens"	"786"	"1101"	"9606"	"False"
"CHEMBL3234"	"Tyrosine-protein kinase HCK"	"P08631"	"SINGLE PROTEIN"	"Homo sapiens"	"1785"	"3249"	"9606"	"False"
"CHEMBL4895"	"Tyrosine-protein kinase receptor UFO"	"P30530"	"SINGLE PROTEIN"	"Homo sapiens"	"5083"	"13019"	"9606"	"False"
"CHEMBL258"	"Tyrosine-protein kinase Lck"	"P06239"	"SINGLE PROTEIN"	"Homo sapiens"	"6886"	"11854"	"9606"	"False"
"CHEMBL331"	"Cyclin-dependent kinase 4"	"P11802"	"SINGLE PROTEIN"	"Homo sapiens"	"2438"	"4376"	"9606"	"False"
"CHEMBL2417351"	"Microtubule-associated serine/threonine-protein kinase 4"	"O15021"	"SINGLE PROTEIN"	"Homo sapiens"	"14"	"21"	"9606"	"False"
"CHEMBL2417352"	"Microtubule-associated serine/threonine-protein kinase 3"	"O60307"	"SINGLE PROTEIN"	"Homo sapiens"	"40"	"78"	"9606"	"False"
"CHEMBL299"	"Protein kinase C alpha type"	"P17252"	"SINGLE PROTEIN"	"Homo sapiens"	"4076"	"6223"	"9606"	"False"
"CHEMBL4598"	"Serine/threonine-protein kinase 4"	"Q13043"	"SINGLE PROTEIN"	"Homo sapiens"	"1828"	"3790"	"9606"	"False"
"CHEMBL2695"	"Focal adhesion kinase 1"	"Q05397"	"SINGLE PROTEIN"	"Homo sapiens"	"4190"	"6272"	"9606"	"False"
"CHEMBL3956"	"Mitogen-activated protein kinase kinase kinase 1"	"Q13233"	"SINGLE PROTEIN"	"Homo sapiens"	"555"	"672"	"9606"	"False"
"CHEMBL4247"	"ALK tyrosine kinase receptor"	"Q9UM73"	"SINGLE PROTEIN"	"Homo sapiens"	"4521"	"9751"	"9606"	"False"
"CHEMBL3863"	"Serine/threonine-protein kinase D1"	"Q15139"	"SINGLE PROTEIN"	"Homo sapiens"	"1250"	"2080"	"9606"	"False"
"CHEMBL5818"	"cAMP-dependent protein kinase catalytic subunit PRKX"	"P51817"	"SINGLE PROTEIN"	"Homo sapiens"	"1677"	"2373"	"9606"	"False"
"CHEMBL2343"	"Serine/threonine-protein kinase Sgk1"	"O00141"	"SINGLE PROTEIN"	"Homo sapiens"	"2149"	"4418"	"9606"	"False"
"CHEMBL3831"	"Serine/threonine-protein kinase MARK2"	"Q7KZI7"	"SINGLE PROTEIN"	"Homo sapiens"	"1847"	"2751"	"9606"	"False"
"CHEMBL3476"	"Inhibitor of nuclear factor kappa-B kinase subunit alpha"	"O15111"	"SINGLE PROTEIN"	"Homo sapiens"	"1940"	"3426"	"9606"	"False"
"CHEMBL5784"	"NUAK family SNF1-like kinase 1"	"O60285"	"SINGLE PROTEIN"	"Homo sapiens"	"1207"	"1913"	"9606"	"False"
"CHEMBL4901"	"Ephrin type-B receptor 3"	"P54753"	"SINGLE PROTEIN"	"Homo sapiens"	"1279"	"2046"	"9606"	"False"
"CHEMBL3982"	"Tyrosine-protein kinase Fer"	"P16591"	"SINGLE PROTEIN"	"Homo sapiens"	"1682"	"2550"	"9606"	"False"
"CHEMBL2742"	"Fibroblast growth factor receptor 3"	"P22607"	"SINGLE PROTEIN"	"Homo sapiens"	"6362"	"16788"	"9606"	"False"
"CHEMBL3045"	"Protein kinase C beta type"	"P05771"	"SINGLE PROTEIN"	"Homo sapiens"	"2012"	"4535"	"9606"	"False"
"CHEMBL4501"	"Ribosomal protein S6 kinase beta-1"	"P23443"	"SINGLE PROTEIN"	"Homo sapiens"	"3803"	"5957"	"9606"	"False"
"CHEMBL4898"	"BDNF/NT-3 growth factors receptor"	"Q16620"	"SINGLE PROTEIN"	"Homo sapiens"	"2630"	"4290"	"9606"	"False"
"CHEMBL4816"	"RAC-gamma serine/threonine-protein kinase"	"Q9Y243"	"SINGLE PROTEIN"	"Homo sapiens"	"2350"	"3314"	"9606"	"False"
"CHEMBL1163124"	"Mitogen-activated protein kinase kinase kinase 13"	"O43283"	"SINGLE PROTEIN"	"Homo sapiens"	"278"	"301"	"9606"	"False"
"CHEMBL1957"	"Insulin-like growth factor 1 receptor"	"P08069"	"SINGLE PROTEIN"	"Homo sapiens"	"5791"	"8978"	"9606"	"False"
"CHEMBL3024"	"Serine/threonine-protein kinase PLK1"	"P53350"	"SINGLE PROTEIN"	"Homo sapiens"	"27354"	"29080"	"9606"	"False"
"CHEMBL2041"	"Proto-oncogene tyrosine-protein kinase receptor Ret"	"P07949"	"SINGLE PROTEIN"	"Homo sapiens"	"6484"	"78255"	"9606"	"False"
"CHEMBL5274"	"Tyrosine-protein kinase receptor Tie-1"	"P35590"	"SINGLE PROTEIN"	"Homo sapiens"	"282"	"340"	"9606"	"False"
"CHEMBL2426"	"Casein kinase I isoform gamma-1"	"Q9HCP0"	"SINGLE PROTEIN"	"Homo sapiens"	"1776"	"2616"	"9606"	"False"
"CHEMBL1075167"	"Homeodomain-interacting protein kinase 4"	"Q8NE63"	"SINGLE PROTEIN"	"Homo sapiens"	"1343"	"1819"	"9606"	"False"
"CHEMBL2999"	"Serine/threonine-protein kinase PAK 3"	"O75914"	"SINGLE PROTEIN"	"Homo sapiens"	"944"	"1615"	"9606"	"False"
"CHEMBL4954"	"Ephrin type-A receptor 3"	"P29320"	"SINGLE PROTEIN"	"Homo sapiens"	"1011"	"1690"	"9606"	"False"
"CHEMBL2689"	"Macrophage-stimulating protein receptor"	"Q04912"	"SINGLE PROTEIN"	"Homo sapiens"	"1677"	"2505"	"9606"	"False"
"CHEMBL4601"	"Protein-tyrosine kinase 6"	"Q13882"	"SINGLE PROTEIN"	"Homo sapiens"	"1878"	"2914"	"9606"	"False"
"CHEMBL2637"	"Mitogen-activated protein kinase 10"	"P53779"	"SINGLE PROTEIN"	"Homo sapiens"	"3106"	"4553"	"9606"	"False"
"CHEMBL3116"	"Cyclin-dependent kinase 9"	"P50750"	"SINGLE PROTEIN"	"Homo sapiens"	"2791"	"5434"	"9606"	"False"
"CHEMBL4040"	"Mitogen-activated protein kinase 1"	"P28482"	"SINGLE PROTEIN"	"Homo sapiens"	"24506"	"38639"	"9606"	"False"
"CHEMBL1862"	"Tyrosine-protein kinase ABL1"	"P00519"	"SINGLE PROTEIN"	"Homo sapiens"	"8245"	"25804"	"9606"	"False"
"CHEMBL3961"	"Mitogen-activated protein kinase 11"	"Q15759"	"SINGLE PROTEIN"	"Homo sapiens"	"1843"	"2959"	"9606"	"False"
"CHEMBL2842"	"Serine/threonine-protein kinase mTOR"	"P42345"	"SINGLE PROTEIN"	"Homo sapiens"	"10265"	"17574"	"9606"	"False"
"CHEMBL262"	"Glycogen synthase kinase-3 beta"	"P49841"	"SINGLE PROTEIN"	"Homo sapiens"	"11278"	"24077"	"9606"	"False"
